DROP DATABASE IF EXISTS `pig`;

CREATE DATABASE  `pig` DEFAULT CHARACTER SET utf8mb4 COLLATE utf8mb4_bin;

SET NAMES utf8;
SET FOREIGN_KEY_CHECKS = 0;

USE `pig`;

-- ----------------------------
--  Table structure for `sys_dept`
-- ----------------------------
DROP TABLE IF EXISTS `sys_dept`;
CREATE TABLE `sys_dept` (
  `dept_id` int(20) NOT NULL AUTO_INCREMENT,
  `name` varchar(50) DEFAULT NULL COMMENT '部门名称',
  `sort` int(11) DEFAULT NULL COMMENT '排序',
  `create_time` timestamp NULL DEFAULT CURRENT_TIMESTAMP COMMENT '创建时间',
  `update_time` timestamp NULL DEFAULT NULL ON UPDATE CURRENT_TIMESTAMP COMMENT '修改时间',
  `del_flag` char(1) DEFAULT '0' COMMENT '是否删除  -1：已删除  0：正常',
  `parent_id` int(11) DEFAULT NULL,
  PRIMARY KEY (`dept_id`)
) ENGINE=InnoDB AUTO_INCREMENT=11 DEFAULT CHARSET=utf8 ROW_FORMAT=DYNAMIC COMMENT='部门管理';

-- ----------------------------
--  Records of `sys_dept`
-- ----------------------------
BEGIN;
INSERT INTO `sys_dept` VALUES ('1', '山东', null, '2018-01-22 19:00:23', '2018-09-13 01:46:29', '0', '0'), ('2', '沙县国际', null, '2018-01-22 19:00:38', '2018-09-13 01:46:30', '0', '0'), ('3', '潍坊', null, '2018-01-22 19:00:44', '2018-09-13 01:46:31', '0', '1'), ('4', '高新', null, '2018-01-22 19:00:52', '2018-10-06 10:41:52', '0', '3'), ('5', '院校', null, '2018-01-22 19:00:57', '2018-10-06 10:42:51', '0', '4'), ('6', '潍院', null, '2018-01-22 19:01:06', '2019-01-09 10:58:18', '1', '5'), ('7', '山东沙县', null, '2018-01-22 19:01:57', '2018-09-13 01:46:42', '0', '2'), ('8', '潍坊沙县', null, '2018-01-22 19:02:03', '2018-09-13 01:46:43', '0', '7'), ('9', '高新沙县', null, '2018-01-22 19:02:14', '2018-09-13 01:46:44', '1', '8'), ('10', '院校沙县', null, '2018-12-10 21:19:26', null, '0', '8');
COMMIT;

-- ----------------------------
--  Table structure for `sys_dept_relation`
-- ----------------------------
DROP TABLE IF EXISTS `sys_dept_relation`;
CREATE TABLE `sys_dept_relation` (
  `ancestor` int(11) NOT NULL COMMENT '祖先节点',
  `descendant` int(11) NOT NULL COMMENT '后代节点',
  PRIMARY KEY (`ancestor`,`descendant`),
  KEY `idx1` (`ancestor`),
  KEY `idx2` (`descendant`)
) ENGINE=InnoDB DEFAULT CHARSET=latin1 ROW_FORMAT=DYNAMIC COMMENT='部门关系表';

-- ----------------------------
--  Records of `sys_dept_relation`
-- ----------------------------
BEGIN;
INSERT INTO `sys_dept_relation` VALUES ('1', '1'), ('1', '3'), ('1', '4'), ('1', '5'), ('2', '2'), ('2', '7'), ('2', '8'), ('2', '11'), ('3', '3'), ('3', '4'), ('3', '5'), ('4', '4'), ('4', '5'), ('5', '5'), ('7', '7'), ('7', '8'), ('7', '11'), ('8', '8'), ('8', '11'), ('10', '10'), ('11', '11');
COMMIT;

-- ----------------------------
--  Table structure for `sys_dict`
-- ----------------------------
DROP TABLE IF EXISTS `sys_dict`;
CREATE TABLE `sys_dict` (
  `id` int(64) NOT NULL AUTO_INCREMENT COMMENT '编号',
  `value` varchar(100) NOT NULL COMMENT '数据值',
  `label` varchar(100) NOT NULL COMMENT '标签名',
  `type` varchar(100) NOT NULL COMMENT '类型',
  `description` varchar(100) NOT NULL COMMENT '描述',
  `sort` int(10) NOT NULL COMMENT '排序（升序）',
  `create_time` timestamp NOT NULL DEFAULT CURRENT_TIMESTAMP COMMENT '创建时间',
  `update_time` timestamp NOT NULL DEFAULT CURRENT_TIMESTAMP ON UPDATE CURRENT_TIMESTAMP COMMENT '更新时间',
  `remarks` varchar(255) DEFAULT NULL COMMENT '备注信息',
  `del_flag` char(1) NOT NULL DEFAULT '0' COMMENT '删除标记',
  PRIMARY KEY (`id`),
  KEY `sys_dict_value` (`value`),
  KEY `sys_dict_label` (`label`),
  KEY `sys_dict_del_flag` (`del_flag`)
) ENGINE=InnoDB AUTO_INCREMENT=3 DEFAULT CHARSET=utf8 ROW_FORMAT=DYNAMIC COMMENT='字典表';

-- ----------------------------
--  Records of `sys_dict`
-- ----------------------------
BEGIN;
INSERT INTO `sys_dict` VALUES ('1', '9', '异常', 'log_type', '日志异常', '1', '2018-07-09 06:16:14', '2018-11-24 07:25:11', '日志异常', '0'), ('2', '0', '正常', 'log_type', '正常', '0', '2018-07-09 06:15:40', '2018-11-24 07:25:14', '正常', '0');
COMMIT;

-- ----------------------------
--  Table structure for `sys_log`
-- ----------------------------
DROP TABLE IF EXISTS `sys_log`;
CREATE TABLE `sys_log` (
  `id` bigint(64) NOT NULL AUTO_INCREMENT COMMENT '编号',
  `type` char(1) DEFAULT '1' COMMENT '日志类型',
  `title` varchar(255) DEFAULT '' COMMENT '日志标题',
  `service_id` varchar(32) DEFAULT NULL COMMENT '服务ID',
  `create_by` varchar(64) DEFAULT NULL COMMENT '创建者',
  `create_time` datetime DEFAULT CURRENT_TIMESTAMP COMMENT '创建时间',
  `update_time` datetime DEFAULT NULL ON UPDATE CURRENT_TIMESTAMP COMMENT '更新时间',
  `remote_addr` varchar(255) DEFAULT NULL COMMENT '操作IP地址',
  `user_agent` varchar(1000) DEFAULT NULL COMMENT '用户代理',
  `request_uri` varchar(255) DEFAULT NULL COMMENT '请求URI',
  `method` varchar(10) DEFAULT NULL COMMENT '操作方式',
  `params` text COMMENT '操作提交的数据',
  `time` mediumtext COMMENT '执行时间',
  `del_flag` char(1) DEFAULT '0' COMMENT '删除标记',
  `exception` text COMMENT '异常信息',
  PRIMARY KEY (`id`),
  KEY `sys_log_create_by` (`create_by`),
  KEY `sys_log_request_uri` (`request_uri`),
  KEY `sys_log_type` (`type`),
  KEY `sys_log_create_date` (`create_time`)
) ENGINE=InnoDB DEFAULT CHARSET=utf8 ROW_FORMAT=DYNAMIC COMMENT='日志表';

-- ----------------------------
--  Table structure for `sys_menu`
-- ----------------------------
DROP TABLE IF EXISTS `sys_menu`;
CREATE TABLE `sys_menu` (
  `menu_id` int(11) NOT NULL COMMENT '菜单ID',
  `name` varchar(32) NOT NULL COMMENT '菜单名称',
  `permission` varchar(32) DEFAULT NULL COMMENT '菜单权限标识',
  `path` varchar(128) DEFAULT NULL COMMENT '前端URL',
  `parent_id` int(11) DEFAULT NULL COMMENT '父菜单ID',
  `icon` varchar(32) DEFAULT NULL COMMENT '图标',
  `component` varchar(64) DEFAULT NULL COMMENT 'VUE页面',
  `sort` int(11) DEFAULT '1' COMMENT '排序值',
  `keep_alive` char(1) DEFAULT '0' COMMENT '0-开启，1- 关闭',
  `type` char(1) DEFAULT NULL COMMENT '菜单类型 （0菜单 1按钮）',
  `create_time` timestamp NULL DEFAULT CURRENT_TIMESTAMP COMMENT '创建时间',
  `update_time` timestamp NULL DEFAULT NULL ON UPDATE CURRENT_TIMESTAMP COMMENT '更新时间',
  `del_flag` char(1) DEFAULT '0' COMMENT '逻辑删除标记(0--正常 1--删除)',
  PRIMARY KEY (`menu_id`)
) ENGINE=InnoDB DEFAULT CHARSET=utf8 ROW_FORMAT=DYNAMIC COMMENT='菜单权限表';

-- ----------------------------
--  Records of `sys_menu`
-- ----------------------------
BEGIN;
INSERT INTO `sys_menu` VALUES ('1000', '权限管理', null, '/upms', '-1', 'icon-quanxianguanli', 'Layout', '0', '0', '0', '2018-09-28 08:29:53', '2018-09-28 08:53:01', '0'), ('1100', '用户管理', null, 'user', '1000', 'icon-yonghuguanli', 'views/admin/user/index', '1', '0', '0', '2017-11-02 22:24:37', '2018-09-28 09:00:41', '0'), ('1101', '用户新增', 'sys_user_add', null, '1100', null, null, null, '0', '1', '2017-11-08 09:52:09', '2018-09-28 09:06:34', '0'), ('1102', '用户修改', 'sys_user_edit', null, '1100', null, null, null, '0', '1', '2017-11-08 09:52:48', '2018-09-28 09:06:37', '0'), ('1103', '用户删除', 'sys_user_del', null, '1100', null, null, null, '0', '1', '2017-11-08 09:54:01', '2018-09-28 09:06:42', '0'), ('1200', '菜单管理', null, 'menu', '1000', 'icon-caidanguanli', 'views/admin/menu/index', '2', '0', '0', '2017-11-08 09:57:27', '2018-09-28 09:00:45', '0'), ('1201', '菜单新增', 'sys_menu_add', null, '1200', null, null, null, '0', '1', '2017-11-08 10:15:53', '2018-09-28 09:07:16', '0'), ('1202', '菜单修改', 'sys_menu_edit', null, '1200', null, null, null, '0', '1', '2017-11-08 10:16:23', '2018-09-28 09:07:18', '0'), ('1203', '菜单删除', 'sys_menu_del', null, '1200', null, null, null, '0', '1', '2017-11-08 10:16:43', '2018-09-28 09:07:22', '0'), ('1300', '角色管理', null, 'role', '1000', 'icon-jiaoseguanli', 'views/admin/role/index', '3', '0', '0', '2017-11-08 10:13:37', '2018-09-28 09:00:48', '0'), ('1301', '角色新增', 'sys_role_add', null, '1300', null, null, null, '0', '1', '2017-11-08 10:14:18', '2018-09-28 09:07:46', '0'), ('1302', '角色修改', 'sys_role_edit', null, '1300', null, null, null, '0', '1', '2017-11-08 10:14:41', '2018-09-28 09:07:49', '0'), ('1303', '角色删除', 'sys_role_del', null, '1300', null, null, null, '0', '1', '2017-11-08 10:14:59', '2018-09-28 09:07:53', '0'), ('1304', '分配权限', 'sys_role_perm', null, '1300', null, null, null, '0', '1', '2018-04-20 07:22:55', '2018-09-28 09:13:23', '0'), ('1400', '部门管理', null, 'dept', '1000', 'icon-web-icon-', 'views/admin/dept/index', '4', '0', '0', '2018-01-20 13:17:19', '2018-12-09 16:35:12', '0'), ('1401', '部门新增', 'sys_dept_add', null, '1400', null, null, null, '0', '1', '2018-01-20 14:56:16', '2018-09-28 09:08:13', '0'), ('1402', '部门修改', 'sys_dept_edit', null, '1400', null, null, null, '0', '1', '2018-01-20 14:56:59', '2018-09-28 09:08:16', '0'), ('1403', '部门删除', 'sys_dept_del', null, '1400', null, null, null, '0', '1', '2018-01-20 14:57:28', '2018-09-28 09:08:18', '0'), ('2000', '系统管理', null, '/admin', '-1', 'icon-xitongguanli', 'Layout', '1', '0', '0', '2017-11-07 20:56:00', '2018-09-28 08:53:18', '0'), ('2100', '日志管理', null, 'log', '2000', 'icon-rizhiguanli', 'views/admin/log/index', '5', '0', '0', '2017-11-20 14:06:22', '2018-09-28 09:01:52', '0'), ('2101', '日志删除', 'sys_log_del', null, '2100', null, null, null, '0', '1', '2017-11-20 20:37:37', '2018-09-28 09:08:44', '0'), ('2200', '字典管理', null, 'dict', '2000', 'icon-navicon-zdgl', 'views/admin/dict/index', '6', '0', '0', '2017-11-29 11:30:52', '2018-09-28 09:01:47', '0'), ('2201', '字典删除', 'sys_dict_del', null, '2200', null, null, null, '0', '1', '2017-11-29 11:30:11', '2018-09-28 09:09:10', '0'), ('2202', '字典新增', 'sys_dict_add', null, '2200', null, null, null, '0', '1', '2018-05-11 22:34:55', '2018-09-28 09:09:12', '0'), ('2203', '字典修改', 'sys_dict_edit', null, '2200', null, null, null, '0', '1', '2018-05-11 22:36:03', '2018-09-28 09:09:16', '0'), ('2300', '代码生成', '', 'gen', '2000', 'icon-weibiaoti46', 'views/gen/index', '8', '0', '0', '2018-01-20 13:17:19', '2018-11-24 05:21:01', '0'), ('2400', '终端管理', '', 'client', '2000', 'icon-shouji', 'views/admin/client/index', '9', '0', '0', '2018-01-20 13:17:19', '2018-09-28 09:01:43', '0'), ('2401', '客户端新增', 'sys_client_add', null, '2400', '1', null, null, '0', '1', '2018-05-15 21:35:18', '2018-09-28 09:10:25', '0'), ('2402', '客户端修改', 'sys_client_edit', null, '2400', null, null, null, '0', '1', '2018-05-15 21:37:06', '2018-09-28 09:10:27', '0'), ('2403', '客户端删除', 'sys_client_del', null, '2400', null, null, null, '0', '1', '2018-05-15 21:39:16', '2018-09-28 09:10:30', '0'), ('2500', '服务监控', null, 'http://127.0.0.1:5001', '2000', 'icon-server', null, '10', '0', '0', '2018-06-26 10:50:32', '2019-02-01 20:41:30', '0'), ('2600', '令牌管理', null, 'token', '2000', 'icon-denglvlingpai', 'views/admin/token/index', '11', '0', '0', '2018-09-04 05:58:41', '2018-09-28 09:01:38', '0'), ('2601', '令牌删除', 'sys_token_del', null, '2600', null, null, '1', '0', '1', '2018-09-04 05:59:50', '2018-09-28 09:11:24', '0'), ('2700', '链路调用', null, 'http://127.0.0.1:5002', '2000', 'icon-server', null, '10', '0', '0', '2018-06-26 10:50:32', '2019-02-01 20:41:30', '0'), ('5000', '一级菜单', null, '/crud', '-1', 'icon-caidanguanli', '', '4', '0', '0', '2018-08-28 01:50:22', '2018-09-28 08:58:20', '0'), ('5001', '一级菜单', null, 'index', '5000', 'icon-caidanguanli', 'views/crud/index', '1', '0', '0', '2018-08-28 01:50:48', '2018-11-21 17:48:19', '1'), ('5002', '二级菜单', null, 'crud', '5001', 'icon-caidanguanli', 'views/crud/index', '1', '0', '0', '2018-08-28 01:51:23', '2018-11-21 17:47:40', '1'), ('5003', '二级菜单', null, '', '5000', 'icon-caidanguanli', '', '1', '0', '0', '2018-11-21 17:49:18', '2018-11-21 17:53:25', '0'), ('5004', '二级菜单', null, 'index', '5003', 'icon-caidanguanli', 'views/crud/index', '1', '0', '0', '2018-11-21 17:53:51', '2018-12-20 14:26:53', '1'), ('9999', '系统官网', null, 'https://pig4cloud.com/#/', '-1', 'icon-guanwangfangwen', null, '9', '0', '0', '2019-01-17 17:05:19', '2019-01-17 17:29:06', '0');
COMMIT;

-- ----------------------------
--  Table structure for `sys_oauth_client_details`
-- ----------------------------
DROP TABLE IF EXISTS `sys_oauth_client_details`;
CREATE TABLE `sys_oauth_client_details` (
  `client_id` varchar(32) NOT NULL,
  `resource_ids` varchar(256) DEFAULT NULL,
  `client_secret` varchar(256) DEFAULT NULL,
  `scope` varchar(256) DEFAULT NULL,
  `authorized_grant_types` varchar(256) DEFAULT NULL,
  `web_server_redirect_uri` varchar(256) DEFAULT NULL,
  `authorities` varchar(256) DEFAULT NULL,
  `access_token_validity` int(11) DEFAULT NULL,
  `refresh_token_validity` int(11) DEFAULT NULL,
  `additional_information` varchar(4096) DEFAULT NULL,
  `autoapprove` varchar(256) DEFAULT NULL,
  PRIMARY KEY (`client_id`)
) ENGINE=InnoDB DEFAULT CHARSET=utf8mb4 ROW_FORMAT=DYNAMIC COMMENT='终端信息表';

-- ----------------------------
--  Records of `sys_oauth_client_details`
-- ----------------------------
BEGIN;
INSERT INTO `sys_oauth_client_details` VALUES ('app', null, 'app', 'server', 'password,refresh_token', null, null, null, null, null, 'true'), ('daemon', null, 'daemon', 'server', 'password,refresh_token', null, null, null, null, null, 'true'), ('gen', null, 'gen', 'server', 'password,refresh_token', null, null, null, null, null, 'true'), ('pig', null, 'pig', 'server', 'password,refresh_token,authorization_code,client_credentials', 'http://localhost:4040/sso1/login,http://localhost:4041/sso1/login', null, null, null, null, 'true'), ('test', null, 'test', 'server', 'password,refresh_token', null, null, null, null, null, 'true');
COMMIT;

-- ----------------------------
--  Table structure for `sys_role`
-- ----------------------------
DROP TABLE IF EXISTS `sys_role`;
CREATE TABLE `sys_role` (
  `role_id` int(11) NOT NULL AUTO_INCREMENT,
  `role_name` varchar(64) COLLATE utf8mb4_bin NOT NULL,
  `role_code` varchar(64) COLLATE utf8mb4_bin NOT NULL,
  `role_desc` varchar(255) COLLATE utf8mb4_bin DEFAULT NULL,
  `create_time` timestamp NOT NULL DEFAULT CURRENT_TIMESTAMP,
  `update_time` timestamp NULL DEFAULT NULL ON UPDATE CURRENT_TIMESTAMP,
  `del_flag` char(1) COLLATE utf8mb4_bin DEFAULT '0' COMMENT '删除标识（0-正常,1-删除）',
  PRIMARY KEY (`role_id`),
  UNIQUE KEY `role_idx1_role_code` (`role_code`)
) ENGINE=InnoDB AUTO_INCREMENT=5 DEFAULT CHARSET=utf8mb4 COLLATE=utf8mb4_bin ROW_FORMAT=DYNAMIC COMMENT='系统角色表';

-- ----------------------------
--  Records of `sys_role`
-- ----------------------------
BEGIN;
INSERT INTO `sys_role` VALUES ('1', '管理员', 'ROLE_ADMIN', '管理员', '2017-10-29 15:45:51', '2018-12-26 14:09:11', '0'), ('2', 'ROLE_CQQ', 'ROLE_CQQ', 'ROLE_CQQ', '2018-11-11 19:42:26', '2018-12-26 14:09:07', '0');
COMMIT;

-- ----------------------------
--  Table structure for `sys_role_dept`
-- ----------------------------
DROP TABLE IF EXISTS `sys_role_dept`;
CREATE TABLE `sys_role_dept` (
  `id` int(20) NOT NULL AUTO_INCREMENT,
  `role_id` int(20) DEFAULT NULL COMMENT '角色ID',
  `dept_id` int(20) DEFAULT NULL COMMENT '部门ID',
  PRIMARY KEY (`id`)
) ENGINE=InnoDB AUTO_INCREMENT=23 DEFAULT CHARSET=utf8 ROW_FORMAT=DYNAMIC COMMENT='角色与部门对应关系';

-- ----------------------------
--  Records of `sys_role_dept`
-- ----------------------------
BEGIN;
INSERT INTO `sys_role_dept` VALUES ('1', '1', '8');
COMMIT;

-- ----------------------------
--  Table structure for `sys_role_menu`
-- ----------------------------
DROP TABLE IF EXISTS `sys_role_menu`;
CREATE TABLE `sys_role_menu` (
  `role_id` int(11) NOT NULL COMMENT '角色ID',
  `menu_id` int(11) NOT NULL COMMENT '菜单ID',
  PRIMARY KEY (`role_id`,`menu_id`)
) ENGINE=InnoDB DEFAULT CHARSET=utf8 ROW_FORMAT=DYNAMIC COMMENT='角色菜单表';

-- ----------------------------
--  Records of `sys_role_menu`
-- ----------------------------
BEGIN;
INSERT INTO `sys_role_menu` VALUES ('1', '1000'), ('1', '1100'), ('1', '1101'), ('1', '1102'), ('1', '1103'), ('1', '1200'), ('1', '1201'), ('1', '1202'), ('1', '1203'), ('1', '1300'), ('1', '1301'), ('1', '1302'), ('1', '1303'), ('1', '1304'), ('1', '1400'), ('1', '1401'), ('1', '1402'), ('1', '1403'), ('1', '2000'), ('1', '2100'), ('1', '2101'), ('1', '2200'), ('1', '2201'), ('1', '2202'), ('1', '2203'), ('1', '2300'), ('1', '2400'), ('1', '2401'), ('1', '2402'), ('1', '2403'), ('1', '2500'), ('1', '2600'), ('1', '2601'), ('1', '2700'), ('1', '9999'), ('2', '1000'), ('2', '1100'), ('2', '1101'), ('2', '1102'), ('2', '1103'), ('2', '1200'), ('2', '1201'), ('2', '1202'), ('2', '1203'), ('2', '1300'), ('2', '1301'), ('2', '1302'), ('2', '1303'), ('2', '1304'), ('2', '1400'), ('2', '1401'), ('2', '1402'), ('2', '1403');
COMMIT;

-- ----------------------------
--  Table structure for `sys_user`
-- ----------------------------
DROP TABLE IF EXISTS `sys_user`;
CREATE TABLE `sys_user` (
  `user_id` int(11) NOT NULL AUTO_INCREMENT COMMENT '主键ID',
  `username` varchar(64) COLLATE utf8mb4_bin NOT NULL COMMENT '用户名',
  `password` varchar(255) COLLATE utf8mb4_bin NOT NULL,
  `salt` varchar(255) COLLATE utf8mb4_bin DEFAULT NULL COMMENT '随机盐',
  `phone` varchar(20) COLLATE utf8mb4_bin DEFAULT NULL COMMENT '简介',
  `avatar` varchar(255) COLLATE utf8mb4_bin DEFAULT NULL COMMENT '头像',
  `dept_id` int(11) DEFAULT NULL COMMENT '部门ID',
  `create_time` timestamp NULL DEFAULT CURRENT_TIMESTAMP COMMENT '创建时间',
  `update_time` timestamp NULL DEFAULT NULL ON UPDATE CURRENT_TIMESTAMP COMMENT '修改时间',
  `lock_flag` char(1) COLLATE utf8mb4_bin DEFAULT '0' COMMENT '0-正常，9-锁定',
  `del_flag` char(1) COLLATE utf8mb4_bin DEFAULT '0' COMMENT '0-正常，1-删除',
  `wx_openid` varchar(32) COLLATE utf8mb4_bin DEFAULT NULL COMMENT '微信openid',
  `qq_openid` varchar(32) COLLATE utf8mb4_bin DEFAULT NULL COMMENT 'QQ openid',
  PRIMARY KEY (`user_id`),
  KEY `user_wx_openid` (`wx_openid`),
  KEY `user_qq_openid` (`qq_openid`),
  KEY `user_idx1_username` (`username`)
) ENGINE=InnoDB AUTO_INCREMENT=4 DEFAULT CHARSET=utf8mb4 COLLATE=utf8mb4_bin ROW_FORMAT=DYNAMIC COMMENT='用户表';

-- ----------------------------
--  Records of `sys_user`
-- ----------------------------
BEGIN;
INSERT INTO `sys_user` VALUES ('1', 'admin', '$2a$10$RpFJjxYiXdEsAGnWp/8fsOetMuOON96Ntk/Ym2M/RKRyU0GZseaDC', null, '17034642999', '', '1', '2018-04-20 07:15:18', '2019-01-31 14:29:07', '0', '0', 'o_0FT0uyg_H1vVy2H0JpSwlVGhWQ', null);
COMMIT;

-- ----------------------------
--  Table structure for `sys_user_role`
-- ----------------------------
DROP TABLE IF EXISTS `sys_user_role`;
CREATE TABLE `sys_user_role` (
  `user_id` int(11) NOT NULL COMMENT '用户ID',
  `role_id` int(11) NOT NULL COMMENT '角色ID',
  PRIMARY KEY (`user_id`,`role_id`)
) ENGINE=InnoDB DEFAULT CHARSET=utf8 ROW_FORMAT=DYNAMIC COMMENT='用户角色表';

-- ----------------------------
--  Records of `sys_user_role`
-- ----------------------------
BEGIN;
INSERT INTO `sys_user_role` VALUES ('1', '1'), ('2', '2');
COMMIT;

-- ----------------------------
--  Table structure for `zipkin_annotations`
-- ----------------------------
DROP TABLE IF EXISTS `zipkin_annotations`;
CREATE TABLE `zipkin_annotations` (
  `trace_id_high` bigint(20) NOT NULL DEFAULT '0' COMMENT 'If non zero, this means the trace uses 128 bit traceIds instead of 64 bit',
  `trace_id` bigint(20) NOT NULL COMMENT 'coincides with zipkin_spans.trace_id',
  `span_id` bigint(20) NOT NULL COMMENT 'coincides with zipkin_spans.id',
  `a_key` varchar(255) NOT NULL COMMENT 'BinaryAnnotation.key or Annotation.value if type == -1',
  `a_value` blob COMMENT 'BinaryAnnotation.value(), which must be smaller than 64KB',
  `a_type` int(11) NOT NULL COMMENT 'BinaryAnnotation.type() or -1 if Annotation',
  `a_timestamp` bigint(20) DEFAULT NULL COMMENT 'Used to implement TTL; Annotation.timestamp or zipkin_spans.timestamp',
  `endpoint_ipv4` int(11) DEFAULT NULL COMMENT 'Null when Binary/Annotation.endpoint is null',
  `endpoint_ipv6` binary(16) DEFAULT NULL COMMENT 'Null when Binary/Annotation.endpoint is null, or no IPv6 address',
  `endpoint_port` smallint(6) DEFAULT NULL COMMENT 'Null when Binary/Annotation.endpoint is null',
  `endpoint_service_name` varchar(255) DEFAULT NULL COMMENT 'Null when Binary/Annotation.endpoint is null',
  UNIQUE KEY `trace_id_high` (`trace_id_high`,`trace_id`,`span_id`,`a_key`,`a_timestamp`) COMMENT 'Ignore insert on duplicate',
  KEY `trace_id_high_2` (`trace_id_high`,`trace_id`,`span_id`) COMMENT 'for joining with zipkin_spans',
  KEY `trace_id_high_3` (`trace_id_high`,`trace_id`) COMMENT 'for getTraces/ByIds',
  KEY `endpoint_service_name` (`endpoint_service_name`) COMMENT 'for getTraces and getServiceNames',
  KEY `a_type` (`a_type`) COMMENT 'for getTraces and autocomplete values',
  KEY `a_key` (`a_key`) COMMENT 'for getTraces and autocomplete values',
  KEY `trace_id` (`trace_id`,`span_id`,`a_key`) COMMENT 'for dependencies job'
) ENGINE=InnoDB DEFAULT CHARSET=utf8 ROW_FORMAT=COMPRESSED;

-- ----------------------------
--  Table structure for `zipkin_dependencies`
-- ----------------------------
DROP TABLE IF EXISTS `zipkin_dependencies`;
CREATE TABLE `zipkin_dependencies` (
  `day` date NOT NULL,
  `parent` varchar(255) NOT NULL,
  `child` varchar(255) NOT NULL,
  `call_count` bigint(20) DEFAULT NULL,
  `error_count` bigint(20) DEFAULT NULL,
  UNIQUE KEY `day` (`day`,`parent`,`child`)
) ENGINE=InnoDB DEFAULT CHARSET=utf8 ROW_FORMAT=COMPRESSED;

-- ----------------------------
--  Table structure for `zipkin_spans`
-- ----------------------------
DROP TABLE IF EXISTS `zipkin_spans`;
CREATE TABLE `zipkin_spans` (
  `trace_id_high` bigint(20) NOT NULL DEFAULT '0' COMMENT 'If non zero, this means the trace uses 128 bit traceIds instead of 64 bit',
  `trace_id` bigint(20) NOT NULL,
  `id` bigint(20) NOT NULL,
  `name` varchar(255) NOT NULL,
  `parent_id` bigint(20) DEFAULT NULL,
  `debug` bit(1) DEFAULT NULL,
  `start_ts` bigint(20) DEFAULT NULL COMMENT 'Span.timestamp(): epoch micros used for endTs query and to implement TTL',
  `duration` bigint(20) DEFAULT NULL COMMENT 'Span.duration(): micros used for minDuration and maxDuration query',
  UNIQUE KEY `trace_id_high` (`trace_id_high`,`trace_id`,`id`) COMMENT 'ignore insert on duplicate',
  KEY `trace_id_high_2` (`trace_id_high`,`trace_id`,`id`) COMMENT 'for joining with zipkin_annotations',
  KEY `trace_id_high_3` (`trace_id_high`,`trace_id`) COMMENT 'for getTracesByIds',
  KEY `name` (`name`) COMMENT 'for getTraces and getSpanNames',
  KEY `start_ts` (`start_ts`) COMMENT 'for getTraces ordering and range'
) ENGINE=InnoDB DEFAULT CHARSET=utf8 ROW_FORMAT=COMPRESSED;

SET FOREIGN_KEY_CHECKS = 1;

-- ----------------------------
-- Table structure for config_info
-- ----------------------------
DROP TABLE IF EXISTS `config_info`;
CREATE TABLE `config_info` (
  `id` bigint(20) NOT NULL AUTO_INCREMENT COMMENT 'id',
  `data_id` varchar(255) DEFAULT NULL,
  `group_id` varchar(255) DEFAULT NULL,
  `content` longtext CHARACTER SET utf8 COLLATE utf8_bin NOT NULL COMMENT 'content',
  `md5` varchar(32) DEFAULT NULL,
  `gmt_create` datetime NOT NULL DEFAULT '2010-05-05 00:00:00' COMMENT '创建时间',
  `gmt_modified` datetime NOT NULL DEFAULT '2010-05-05 00:00:00' COMMENT '修改时间',
  `src_user` mediumtext,
  `src_ip` varchar(20) DEFAULT NULL,
  `app_name` varchar(128) DEFAULT NULL,
  `tenant_id` varchar(128) DEFAULT NULL,
  `c_desc` varchar(256) DEFAULT NULL,
  `c_use` varchar(64) DEFAULT NULL,
  `effect` varchar(64) DEFAULT NULL,
  `type` varchar(64) DEFAULT NULL,
  `c_schema` mediumtext,
  PRIMARY KEY (`id`) USING BTREE,
  UNIQUE KEY `uk_configinfo_datagrouptenant` (`data_id`,`group_id`,`tenant_id`) USING BTREE
) ENGINE=InnoDB AUTO_INCREMENT=40 DEFAULT CHARSET=utf8mb4 COMMENT='config_info';

-- ----------------------------
-- Records of config_info
-- ----------------------------
BEGIN;
INSERT INTO `config_info` VALUES (1, 'application-dev.yml', 'DEFAULT_GROUP', 'jasypt:\n  encryptor:\n    password: pigx\n    \nspring:\n  redis:\n    host: pigx-redis\n  servlet:\n    multipart:\n      max-file-size: 100MB\n      max-request-size: 100MB\n  cloud:\n    sentinel:\n      transport:\n        dashboard: pigx-sentinel:5020\n                \nmanagement:\n  endpoints:\n    web:\n      exposure:\n        include: \'*\'\n\nfeign:\n  sentinel:\n    enabled: true\n  okhttp:\n    enabled: true\n  httpclient:\n    enabled: false\n  client:\n    config:\n      default:\n        connectTimeout: 10000\n        readTimeout: 10000\n  compression:\n    request:\n      enabled: true\n    response:\n      enabled: true\n# hystrix If you need to use ThreadLocal bound variables in your RequestInterceptor`s\n# you will need to either set the thread isolation strategy for Hystrix to `SEMAPHORE or disable Hystrix in Feign.\nhystrix:\n  command:\n    default:\n      execution:\n        isolation:\n          strategy: SEMAPHORE\n          thread:\n            timeoutInMilliseconds: 60000\n  shareSecurityContext: true\n\n\nribbon:\n  ReadTimeout: 10000\n  ConnectTimeout: 10000\n\n\nmybatis-plus:\n  tenant-enable: ture\n  mapper-locations: classpath:/mapper/*Mapper.xml\n  global-config:\n    banner: false\n    db-config:\n      id-type: auto\n      field-strategy: NOT_EMPTY\n\nswagger:\n  title: PigX Swagger API\n  license: Powered By PigX\n  licenseUrl: https://pig4cloud.com/\n  terms-of-service-url: https://pig4cloud.com/\n  contact:\n    email: wangiegie@gmail.com\n    url: https://pig4cloud.com/about.html\n  authorization:\n    name: pigX OAuth\n    auth-regex: ^.*$\n    authorization-scope-list:\n      - scope: server\n        description: server all\n    token-url-list:\n      - http://${GATEWAY-HOST:pigx-gateway}:${GATEWAY-PORT:9999}/auth/oauth/token\n\nsecurity:\n  oauth2:\n    client:\n      ignore-urls:\n        - /actuator/**\n        - /v2/api-docs\n    resource:\n      loadBalanced: true\n      token-info-uri: http://pigx-auth/oauth/check_token', 'b1fc21da5a9139a2e89db40905b6242f', '2019-04-18 02:10:20', '2019-11-05 22:33:47', NULL, '127.0.0.1', '', '', '通用配置文件', 'null', 'null', 'yaml', 'null');
INSERT INTO `config_info` VALUES (2, 'pigx-activiti-dev.yml', 'DEFAULT_GROUP', '## spring security 配置\nsecurity:\n  oauth2:\n    client:\n      client-id: ENC(gPFcUOmJm8WqM3k3eSqS0Q==)\n      client-secret: ENC(gPFcUOmJm8WqM3k3eSqS0Q==)\n      scope: server\n      ignore-urls:\n        - \'/actuator/**\'\n        - \'/v2/api-docs\'\n        - \'/editor-app/**\'\n        - \'/modeler.html\'\n        - \'/ws/**\'\nspring:\n  autoconfigure:\n    exclude: org.activiti.spring.boot.SecurityAutoConfiguration\n  activiti:\n    check-process-definitions: false\n  datasource:\n    type: com.alibaba.druid.pool.DruidDataSource\n    druid:\n      driver-class-name: com.mysql.cj.jdbc.Driver\n      username: ${MYSQL-USER:root}\n      password: ${MYSQL-PWD:root}\n      url: jdbc:mysql://${MYSQL-HOST:pigx-mysql}:${MYSQL-PORT:3306}/${MYSQL-DB:pigxx_ac}?characterEncoding=utf8&zeroDateTimeBehavior=convertToNull&useSSL=false&useJDBCCompliantTimezoneShift=true&useLegacyDatetimeCode=false&serverTimezone=GMT%2B8&allowMultiQueries=true&allowPublicKeyRetrieval=true\n\n# 租户表维护\npigx:\n  tenant:\n    column: tenant_id\n    tables:\n      - oa_leave_bill', 'bb2ee29e458875b0334e9f204f958272', '2019-04-18 02:10:56', '2019-08-27 18:23:55', NULL, '127.0.0.1', '', '', '工作流配置文件', 'null', 'null', 'yaml', 'null');
INSERT INTO `config_info` VALUES (3, 'pigx-auth-dev.yml', 'DEFAULT_GROUP', '# 数据源\nspring:\n  datasource:\n    type: com.alibaba.druid.pool.DruidDataSource\n    druid:\n      driver-class-name: com.mysql.cj.jdbc.Driver\n      username: ${MYSQL-USER:root}\n      password: ${MYSQL-PWD:root}\n      url: jdbc:mysql://${MYSQL-HOST:pigx-mysql}:${MYSQL-PORT:3306}/${MYSQL-DB:pigxx}?characterEncoding=utf8&zeroDateTimeBehavior=convertToNull&useSSL=false&useJDBCCompliantTimezoneShift=true&useLegacyDatetimeCode=false&serverTimezone=GMT%2B8&allowMultiQueries=true&allowPublicKeyRetrieval=true\n  freemarker:\n    allow-request-override: false\n    allow-session-override: false\n    cache: true\n    charset: UTF-8\n    check-template-location: true\n    content-type: text/html\n    enabled: true\n    expose-request-attributes: false\n    expose-session-attributes: false\n    expose-spring-macro-helpers: true\n    prefer-file-system-access: true\n    suffix: .ftl\n    template-loader-path: classpath:/templates/', 'a6674e6747c1a0bb6c6d78e13706f8f0', '2019-04-18 02:11:32', '2019-08-27 18:24:04', NULL, '127.0.0.1', '', '', '认证中心配置文件', 'null', 'null', 'yaml', 'null');
INSERT INTO `config_info` VALUES (4, 'pigx-codegen-dev.yml', 'DEFAULT_GROUP', '## spring security 配置\nsecurity:\n  oauth2:\n    client:\n      client-id: ENC(gPFcUOmJm8WqM3k3eSqS0Q==)\n      client-secret: ENC(gPFcUOmJm8WqM3k3eSqS0Q==)\n      scope: server\n# 数据源\nspring:\n  datasource:\n    type: com.alibaba.druid.pool.DruidDataSource\n    druid:\n      driver-class-name: com.mysql.cj.jdbc.Driver\n      username: ${MYSQL-USER:root}\n      password: ${MYSQL-PWD:root}\n      url: jdbc:mysql://${MYSQL-HOST:pigx-mysql}:${MYSQL-PORT:3306}/${MYSQL-DB:pigxx_codegen}?characterEncoding=utf8&zeroDateTimeBehavior=convertToNull&useSSL=false&useJDBCCompliantTimezoneShift=true&useLegacyDatetimeCode=false&serverTimezone=GMT%2B8&allowMultiQueries=true&allowPublicKeyRetrieval=true\n  resources:\n    static-locations: classpath:/static/,classpath:/views/\n\npigx:\n  tenant:\n    column: tenant_id\n    tables:\n      - sys_datasource_conf', 'b7d132a3ecdfac4252c994adbb65b23a', '2019-04-18 02:12:10', '2019-08-27 18:24:18', NULL, '127.0.0.1', '', '', '代码生成', 'null', 'null', 'yaml', 'null');
INSERT INTO `config_info` VALUES (5, 'pigx-daemon-elastic-job-dev.yml', 'DEFAULT_GROUP', '## spring security 配置\nsecurity:\n  oauth2:\n    client:\n      client-id: ENC(tz2NM4GcmnE7sNJTYL8ZSg==)\n      client-secret: ENC(tz2NM4GcmnE7sNJTYL8ZSg==)\n      scope: server\n## 定时任务\n# 数据源\nspring:\n  datasource:\n    type: com.alibaba.druid.pool.DruidDataSource\n    druid:\n      driver-class-name: com.mysql.cj.jdbc.Driver\n      username: ${MYSQL-USER:root}\n      password: ${MYSQL-PWD:root}\n      url: jdbc:mysql://${MYSQL-HOST:pigx-mysql}:${MYSQL-PORT:3306}/${MYSQL-DB:pigxx_job}?characterEncoding=utf8&zeroDateTimeBehavior=convertToNull&useSSL=false&useJDBCCompliantTimezoneShift=true&useLegacyDatetimeCode=false&serverTimezone=GMT%2B8&allowMultiQueries=true&allowPublicKeyRetrieval=true\n  elasticjob:\n    # 分布式任务协调依赖zookeeper\n    zookeeper:\n      server-lists: ${ZOOKEEPER-HOST:pigx-zookeeper}:${ZOOKEEPER-PORT:2181}\n      namespace: pigx-daemon\n    # 普通任务\n    simples:\n      spring-simple-job:\n        job-class: com.pig4cloud.pigx.daemon.elastic.job.PigxSimpleJob\n        cron: 0 0 0/1 * * ?\n        sharding-total-count: 3\n        sharding-item-parameters: 0=service1,1=service2,2=service3\n        eventTraceRdbDataSource: \'dataSource\'\n        listener:\n          listener-class: com.pig4cloud.pigx.daemon.elastic.listener.PigxElasticJobListener\n      spring-simple-job2:\n        job-class: com.pig4cloud.pigx.daemon.elastic.job.PigxSimpleJob2\n        cron: 0 0 0/1 * * ?\n        sharding-total-count: 3\n        sharding-item-parameters: 0=service1,1=service2,2=service3\n        eventTraceRdbDataSource: \'dataSource\'\n        listener:\n          listener-class: com.pig4cloud.pigx.daemon.elastic.listener.PigxElasticJobListener\n    # 简单任务\n    dataflows:\n      spring-dataflow-job:\n        job-class: com.pig4cloud.pigx.daemon.elastic.job.PigxDataflowJob\n        cron: 0 0 0/1 * * ?\n        sharding-total-count: 3\n        sharding-item-parameters: 0=service1,1=service2,2=service3\n        streaming-process: true\n        eventTraceRdbDataSource: \'dataSource\'\n        listener:\n          distributed-listener-class: com.pig4cloud.pigx.daemon.elastic.listener.PigxDistributeElasticJobListener\n          started-timeout-milliseconds: 5000\n          completed-timeout-milliseconds: 10000\n\nxxl:\n  job:\n    admin:\n      addresses: http://${XXL-HOST:pigx-xxl}:${XXL-HOST:9080}/xxl-job-admin\n    executor:\n      port: 9988\n      appName: test-xxl', '9ce58242d57b57f737dcb59a41ee6e55', '2019-04-18 02:12:57', '2019-10-04 11:22:56', NULL, '127.0.0.1', '', '', '定时任务-elastic-job配置', 'null', 'null', 'yaml', 'null');
INSERT INTO `config_info` VALUES (6, 'pigx-gateway-dev.yml', 'DEFAULT_GROUP', 'security:\n  encode:\n    key: \'pigxpigxpigxpigx\'\n\nignore:\n  clients:\n    - test\n  swagger-providers:\n    - pigx-auth\n    - pigx-tx-manager\n\nribbon:\n  rule:\n    gray-enabled: true', '24403a5b205b1e9d320078e309584bbc', '2019-04-18 02:13:52', '2019-10-20 17:07:42', NULL, '127.0.0.1', '', '', '网关配置文件', 'null', 'null', 'yaml', 'null');
INSERT INTO `config_info` VALUES (7, 'pigx-monitor-dev.yml', 'DEFAULT_GROUP', 'spring:\n  # 安全配置\n  security:\n    user:\n      name: ENC(rZHA4LW5hHmhLAAzJoFNag==)     # pigx\n      password: ENC(bjeyh+Aeii3kHXkoo00ZUw==) # pigx\n  boot:\n    admin:\n      ui:\n        resource-locations: \'classpath:/ui/\'\n        template-location: \'classpath:/ui/\'\n        title: \'pigx 服务状态监控\'\n        brand: \'pigx 服务状态监控\'\nmanagement:\n  endpoints:\n    web:\n      exposure:\n        include: \'*\'\n  endpoint:\n    health:\n      show-details: ALWAYS  #显示详细信息', '014583077e3cea6effae296ad22b9b32', '2019-04-18 02:14:17', '2019-11-07 09:46:15', NULL, '172.24.0.1', '', '', '监控配置文件', 'null', 'null', 'yaml', 'null');
INSERT INTO `config_info` VALUES (8, 'pigx-upms-biz-dev.yml', 'DEFAULT_GROUP', '## spring security 配置\nsecurity:\n  oauth2:\n    client:\n      client-id: ENC(ltJPpR50wT0oIY9kfOe1Iw==)\n      client-secret: ENC(ltJPpR50wT0oIY9kfOe1Iw==)\n      scope: server\n      ignore-urls:\n        - /druid/**\n        - /actuator/**\n        - /v2/api-docs\n\n# 数据源\nspring:\n  datasource:\n    type: com.alibaba.druid.pool.DruidDataSource\n    druid:\n      driver-class-name: com.mysql.cj.jdbc.Driver\n      username: ${MYSQL-USER:root}\n      password: ${MYSQL-PWD:root}\n      url: jdbc:mysql://${MYSQL-HOST:pigx-mysql}:${MYSQL-PORT:3306}/${MYSQL-DB:pigxx}?characterEncoding=utf8&zeroDateTimeBehavior=convertToNull&useSSL=false&useJDBCCompliantTimezoneShift=true&useLegacyDatetimeCode=false&serverTimezone=GMT%2B8&allowMultiQueries=true&allowPublicKeyRetrieval=true\n      stat-view-servlet:\n        enabled: true\n        url-pattern: /druid/*\n        #login-username: admin\n        #login-password: admin\n      filter:\n        stat:\n          enabled: true\n          log-slow-sql: true\n          slow-sql-millis: 10000\n          merge-sql: false\n        wall:\n          config:\n            multi-statement-allow: true\n\n# 文件系统 (提供测试环境，不要乱传)\nminio:\n  url: http://minio.pig4cloud.com\n  access-key: lengleng\n  secret-key: lengleng\n\n# Logger Config\nlogging:\n  level:\n    com.pig4cloud.pigx.admin.mapper: debug\n\n# 租户表维护\npigx:\n  tenant:\n    column: tenant_id\n    tables:\n      - sys_user\n      - sys_role\n      - sys_dept\n      - sys_log\n      - sys_social_details\n      - sys_dict\n      - sys_dict_item\n      - sys_public_param\n      - sys_log\n      - sys_file', 'fab3a6b4cb292954d9841b22a41e3dab', '2019-04-18 02:32:44', '2019-11-01 12:22:38', NULL, '127.0.0.1', '', '', 'admin 服务配置', 'null', 'null', 'yaml', 'null');
INSERT INTO `config_info` VALUES (9, 'pigx-tx-manager-dev.yml', 'DEFAULT_GROUP', '# 页面配置\nspring:\n  mvc:\n    static-path-pattern: /**\n  resources:\n    static-locations: classpath:/static/\n\n\n# LCN 配置\ntm:\n  transaction:\n    netty:\n      delaytime: 5   # 客户端链接最大通讯时间 （秒）\n      hearttime: 15  # 客户端心跳时间   （秒）\n  redis:\n    savemaxtime: 30  # redis 保存时间  （秒）\n  socket:\n    port: 9998       # 通讯端口\n    maxconnection: 1000  #最大链接数\n  compensate:\n    auto: false   #是否自动补偿\n    notifyUrl: http://ip:port/path #补偿结果通知（配消息总线里面）\n    tryTime: 30     # z再次重试时间间隔\n    maxWaitTime: 5000   # 请求超时的最大时间 (毫秒)', '885f5c125f2df7a08692929ccce154be', '2019-04-18 02:54:03', '2019-04-18 02:54:03', NULL, '127.0.0.1', '', '', '分布式事务协调模块', NULL, NULL, 'yaml', NULL);
INSERT INTO `config_info` VALUES (10, 'pigx-daemon-quartz-dev.yml', 'DEFAULT_GROUP', '## spring security 配置\nsecurity:\n  oauth2:\n    client:\n      client-id: ENC(tz2NM4GcmnE7sNJTYL8ZSg==)\n      client-secret: ENC(tz2NM4GcmnE7sNJTYL8ZSg==)\n      scope: server\n\n# 数据源\nspring:\n  datasource:\n    type: com.alibaba.druid.pool.DruidDataSource\n    druid:\n      driver-class-name: com.mysql.cj.jdbc.Driver\n      username: ${MYSQL-USER:root}\n      password: ${MYSQL-PWD:root}\n      url: jdbc:mysql://${MYSQL-HOST:pigx-mysql}:${MYSQL-PORT:3306}/${MYSQL-DB:pigxx_job}?characterEncoding=utf8&zeroDateTimeBehavior=convertToNull&useSSL=false&useJDBCCompliantTimezoneShift=true&useLegacyDatetimeCode=false&serverTimezone=GMT%2B8&allowMultiQueries=true&allowPublicKeyRetrieval=true\n  resources:\n    static-locations: classpath:/static/,classpath:/views/\n  quartz:\n    #相关属性配置\n    properties:\n      org:\n        quartz:\n          scheduler:\n            instanceName: clusteredScheduler\n            instanceId: AUTO\n          jobStore:\n            class: org.quartz.impl.jdbcjobstore.JobStoreTX\n            driverDelegateClass: org.quartz.impl.jdbcjobstore.StdJDBCDelegate\n            tablePrefix: QRTZ_\n            isClustered: true\n            clusterCheckinInterval: 10000\n            useProperties: false\n          threadPool:\n            class: org.quartz.simpl.SimpleThreadPool\n            threadCount: 50\n            threadPriority: 5\n            threadsInheritContextClassLoaderOfInitializingThread: true\n    #数据库方式\n    job-store-type: jdbc\n    #初始化表结构\n    #jdbc:\n    #initialize-schema: never\n\n', '276cf549fb8b084e35dc07d1eb309932', '2019-04-18 03:08:34', '2019-08-27 18:25:41', NULL, '127.0.0.1', '', '', 'quartz 配置文件', 'null', 'null', 'yaml', 'null');
INSERT INTO `config_info` VALUES (11, 'pigx-pay-platform-dev.yml', 'DEFAULT_GROUP', '## spring security 配置\nsecurity:\n  oauth2:\n    client:\n      client-id: ENC(gPFcUOmJm8WqM3k3eSqS0Q==)\n      client-secret: ENC(gPFcUOmJm8WqM3k3eSqS0Q==)\n      scope: server\n# 数据源\nspring:\n  datasource:\n    type: com.alibaba.druid.pool.DruidDataSource\n    druid:\n      driver-class-name: com.mysql.cj.jdbc.Driver\n      username: ${MYSQL-USER:root}\n      password: ${MYSQL-PWD:root}\n      url: jdbc:mysql://${MYSQL-HOST:pigx-mysql}:${MYSQL-PORT:3306}/${MYSQL-DB:pigxx_pay}?characterEncoding=utf8&zeroDateTimeBehavior=convertToNull&useSSL=false&useJDBCCompliantTimezoneShift=true&useLegacyDatetimeCode=false&serverTimezone=GMT%2B8&allowMultiQueries=true&allowPublicKeyRetrieval=true\n\n# 租户表维护\npigx:\n  pay:\n    test: lengleng\n    aliPayConfig:\n      expire-time: 30\n      return-url: http://pig4cloud.com\n      notify-url: https://admin.pig4cloud.com/pay/notify/ali/callbak\n    wxPayConfig:\n      notify-url: https://admin.pig4cloud.com/pay/notify/wx/callbak\n  xsequence:    #发号器相关配置\n    db:\n      retry-times: 3\n      table-name: pay_sequence\n  tenant:\n    column: tenant_id\n    tables:\n      - pay_channel\n      - pay_trade_order\n      - pay_goods_order\n      - pay_notify_record', 'bf185a74bb9af224bfe7f8f52ae3c9cb', '2019-05-28 11:46:27', '2019-08-27 18:26:01', NULL, '127.0.0.1', '', '', '支付模块配置', 'null', 'null', 'yaml', 'null');
INSERT INTO `config_info` VALUES (12, 'pigx-oa-platform-dev.yml', 'DEFAULT_GROUP', '## spring security 配置\nsecurity:\n  oauth2:\n    client:\n      client-id: ENC(gPFcUOmJm8WqM3k3eSqS0Q==)\n      client-secret: ENC(gPFcUOmJm8WqM3k3eSqS0Q==)\n      scope: server\n      ignore-urls:\n        - \'/actuator/**\'\n        - \'/v2/api-docs\'\n        - \'/editor-app/**\'\n        - \'/modeler.html\'\n        - \'/ws/**\'\nspring:\n  autoconfigure:\n    exclude: org.activiti.spring.boot.SecurityAutoConfiguration\n  activiti:\n    check-process-definitions: false\n  datasource:\n    type: com.alibaba.druid.pool.DruidDataSource\n    druid:\n      driver-class-name: com.mysql.cj.jdbc.Driver\n      username: ${MYSQL-USER:root}\n      password: ${MYSQL-PWD:root}\n      url: jdbc:mysql://${MYSQL-HOST:pigx-mysql}:${MYSQL-PORT:3306}/${MYSQL-DB:pigxx_ac}?characterEncoding=utf8&zeroDateTimeBehavior=convertToNull&useSSL=false&useJDBCCompliantTimezoneShift=true&useLegacyDatetimeCode=false&serverTimezone=GMT%2B8&allowMultiQueries=true&allowPublicKeyRetrieval=true\n\n# 租户表维护\npigx:\n  tenant:\n    column: tenant_id\n    tables:\n      - oa_leave_bill', 'bb2ee29e458875b0334e9f204f958272', '2019-10-16 16:38:52', '2019-10-16 16:38:52', NULL, '127.0.0.1', '', '', NULL, NULL, NULL, 'yaml', NULL);
INSERT INTO `config_info` VALUES (13, 'pigx-mp-platform-dev.yml', 'DEFAULT_GROUP', '## spring security 配置\nsecurity:\n  oauth2:\n    client:\n      client-id: ENC(vW+Nup9LaTfIFwgufUBsYg==)\n      client-secret: ENC(vW+Nup9LaTfIFwgufUBsYg==)\n      scope: server\n# 数据源\nspring:\n  datasource:\n    type: com.alibaba.druid.pool.DruidDataSource\n    druid:\n      driver-class-name: com.mysql.cj.jdbc.Driver\n      username: ${MYSQL-USER:root}\n      password: ${MYSQL-PWD:root}\n      url: jdbc:mysql://${MYSQL-HOST:pigx-mysql}:${MYSQL-PORT:3306}/${MYSQL-DB:pigxx_mp}?characterEncoding=utf8&zeroDateTimeBehavior=convertToNull&useSSL=false&useJDBCCompliantTimezoneShift=true&useLegacyDatetimeCode=false&serverTimezone=GMT%2B8&allowMultiQueries=true&allowPublicKeyRetrieval=true\n  resources:\n    static-locations: classpath:/static/,classpath:/views/\n\n\n# 租户表维护\npigx:\n  tenant:\n    column: tenant_id\n    tables:\n      - wx_mp_menu\n      - wx_account\n      - wx_account_fans\n      - wx_fans_msg_res', 'bf4f6943566ce47a98551923bc4c4f80', '2019-10-21 08:58:24', '2019-10-21 08:58:24', NULL, '127.0.0.1', '', '', NULL, NULL, NULL, 'yaml', NULL);
COMMIT;

-- ----------------------------
-- Table structure for config_info_aggr
-- ----------------------------
DROP TABLE IF EXISTS `config_info_aggr`;
CREATE TABLE `config_info_aggr` (
  `id` bigint(20) NOT NULL AUTO_INCREMENT COMMENT 'id',
  `data_id` varchar(255) DEFAULT NULL,
  `group_id` varchar(128) DEFAULT NULL,
  `datum_id` varchar(255) DEFAULT NULL,
  `content` longtext CHARACTER SET utf8 COLLATE utf8_bin NOT NULL COMMENT '内容',
  `gmt_modified` datetime NOT NULL COMMENT '修改时间',
  `app_name` varchar(128) DEFAULT NULL,
  `tenant_id` varchar(128) DEFAULT NULL,
  PRIMARY KEY (`id`) USING BTREE,
  UNIQUE KEY `uk_configinfoaggr_datagrouptenantdatum` (`data_id`,`group_id`,`tenant_id`,`datum_id`) USING BTREE
) ENGINE=InnoDB DEFAULT CHARSET=utf8mb4 COMMENT='增加租户字段';

-- ----------------------------
-- Table structure for config_info_beta
-- ----------------------------
DROP TABLE IF EXISTS `config_info_beta`;
CREATE TABLE `config_info_beta` (
  `id` bigint(20) NOT NULL AUTO_INCREMENT COMMENT 'id',
  `data_id` varchar(255) DEFAULT NULL,
  `group_id` varchar(128) DEFAULT NULL,
  `app_name` varchar(128) DEFAULT NULL,
  `content` longtext CHARACTER SET utf8 COLLATE utf8_bin NOT NULL COMMENT 'content',
  `beta_ips` varchar(1024) DEFAULT NULL,
  `md5` varchar(32) DEFAULT NULL,
  `gmt_create` datetime NOT NULL DEFAULT '2010-05-05 00:00:00' COMMENT '创建时间',
  `gmt_modified` datetime NOT NULL DEFAULT '2010-05-05 00:00:00' COMMENT '修改时间',
  `src_user` mediumtext,
  `src_ip` varchar(20) DEFAULT NULL,
  `tenant_id` varchar(128) DEFAULT NULL,
  PRIMARY KEY (`id`) USING BTREE,
  UNIQUE KEY `uk_configinfobeta_datagrouptenant` (`data_id`,`group_id`,`tenant_id`) USING BTREE
) ENGINE=InnoDB DEFAULT CHARSET=utf8mb4 COMMENT='config_info_beta';

-- ----------------------------
-- Table structure for config_info_tag
-- ----------------------------
DROP TABLE IF EXISTS `config_info_tag`;
CREATE TABLE `config_info_tag` (
  `id` bigint(20) NOT NULL AUTO_INCREMENT COMMENT 'id',
  `data_id` varchar(255) DEFAULT NULL,
  `group_id` varchar(128) DEFAULT NULL,
  `tenant_id` varchar(128) DEFAULT NULL,
  `tag_id` varchar(128) DEFAULT NULL,
  `app_name` varchar(128) DEFAULT NULL,
  `content` longtext CHARACTER SET utf8 COLLATE utf8_bin NOT NULL COMMENT 'content',
  `md5` varchar(32) DEFAULT NULL,
  `gmt_create` datetime NOT NULL DEFAULT '2010-05-05 00:00:00' COMMENT '创建时间',
  `gmt_modified` datetime NOT NULL DEFAULT '2010-05-05 00:00:00' COMMENT '修改时间',
  `src_user` mediumtext,
  `src_ip` varchar(20) DEFAULT NULL,
  PRIMARY KEY (`id`) USING BTREE,
  UNIQUE KEY `uk_configinfotag_datagrouptenanttag` (`data_id`,`group_id`,`tenant_id`,`tag_id`) USING BTREE
) ENGINE=InnoDB DEFAULT CHARSET=utf8mb4 COMMENT='config_info_tag';

-- ----------------------------
-- Table structure for config_tags_relation
-- ----------------------------
DROP TABLE IF EXISTS `config_tags_relation`;
CREATE TABLE `config_tags_relation` (
  `id` bigint(20) NOT NULL COMMENT 'id',
  `tag_name` varchar(128) DEFAULT NULL,
  `tag_type` varchar(64) DEFAULT NULL,
  `data_id` varchar(255) DEFAULT NULL,
  `group_id` varchar(128) DEFAULT NULL,
  `tenant_id` varchar(128) DEFAULT NULL,
  `nid` bigint(20) NOT NULL AUTO_INCREMENT,
  PRIMARY KEY (`nid`) USING BTREE,
  UNIQUE KEY `uk_configtagrelation_configidtag` (`id`,`tag_name`,`tag_type`) USING BTREE,
  KEY `idx_tenant_id` (`tenant_id`) USING BTREE
) ENGINE=InnoDB DEFAULT CHARSET=utf8mb4 COMMENT='config_tag_relation';

-- ----------------------------
-- Table structure for group_capacity
-- ----------------------------
DROP TABLE IF EXISTS `group_capacity`;
CREATE TABLE `group_capacity` (
  `id` bigint(20) unsigned NOT NULL AUTO_INCREMENT COMMENT '主键ID',
  `group_id` varchar(128) DEFAULT NULL,
  `quota` int(10) unsigned NOT NULL DEFAULT '0' COMMENT '配额，0表示使用默认值',
  `usage` int(10) unsigned NOT NULL DEFAULT '0' COMMENT '使用量',
  `max_size` int(10) unsigned NOT NULL DEFAULT '0' COMMENT '单个配置大小上限，单位为字节，0表示使用默认值',
  `max_aggr_count` int(10) unsigned NOT NULL DEFAULT '0' COMMENT '聚合子配置最大个数，，0表示使用默认值',
  `max_aggr_size` int(10) unsigned NOT NULL DEFAULT '0' COMMENT '单个聚合数据的子配置大小上限，单位为字节，0表示使用默认值',
  `max_history_count` int(10) unsigned NOT NULL DEFAULT '0' COMMENT '最大变更历史数量',
  `gmt_create` datetime NOT NULL DEFAULT '2010-05-05 00:00:00' COMMENT '创建时间',
  `gmt_modified` datetime NOT NULL DEFAULT '2010-05-05 00:00:00' COMMENT '修改时间',
  PRIMARY KEY (`id`) USING BTREE,
  UNIQUE KEY `uk_group_id` (`group_id`) USING BTREE
) ENGINE=InnoDB DEFAULT CHARSET=utf8mb4 COMMENT='集群、各Group容量信息表';

-- ----------------------------
-- Table structure for his_config_info
-- ----------------------------
DROP TABLE IF EXISTS `his_config_info`;
CREATE TABLE `his_config_info` (
  `id` bigint(64) unsigned NOT NULL,
  `nid` bigint(20) unsigned NOT NULL AUTO_INCREMENT,
  `data_id` varchar(255) DEFAULT NULL,
  `group_id` varchar(128) DEFAULT NULL,
  `app_name` varchar(128) DEFAULT NULL,
  `content` longtext CHARACTER SET utf8 COLLATE utf8_bin NOT NULL,
  `md5` varchar(32) DEFAULT NULL,
  `gmt_create` datetime NOT NULL DEFAULT '2010-05-05 00:00:00',
  `gmt_modified` datetime NOT NULL DEFAULT '2010-05-05 00:00:00',
  `src_user` mediumtext,
  `src_ip` varchar(20) DEFAULT NULL,
  `op_type` char(10) DEFAULT NULL,
  `tenant_id` varchar(128) DEFAULT NULL,
  PRIMARY KEY (`nid`) USING BTREE,
  KEY `idx_gmt_create` (`gmt_create`) USING BTREE,
  KEY `idx_gmt_modified` (`gmt_modified`) USING BTREE,
  KEY `idx_did` (`data_id`) USING BTREE
) ENGINE=InnoDB DEFAULT CHARSET=utf8mb4 COMMENT='多租户改造';

-- ----------------------------
-- Table structure for roles
-- ----------------------------
DROP TABLE IF EXISTS `roles`;
CREATE TABLE `roles` (
  `username` varchar(50) DEFAULT NULL,
  `role` varchar(50) DEFAULT NULL
) ENGINE=InnoDB DEFAULT CHARSET=utf8mb4;

-- ----------------------------
-- Table structure for tenant_capacity
-- ----------------------------
DROP TABLE IF EXISTS `tenant_capacity`;
CREATE TABLE `tenant_capacity` (
  `id` bigint(20) unsigned NOT NULL AUTO_INCREMENT COMMENT '主键ID',
  `tenant_id` varchar(128) DEFAULT NULL,
  `quota` int(10) unsigned NOT NULL DEFAULT '0' COMMENT '配额，0表示使用默认值',
  `usage` int(10) unsigned NOT NULL DEFAULT '0' COMMENT '使用量',
  `max_size` int(10) unsigned NOT NULL DEFAULT '0' COMMENT '单个配置大小上限，单位为字节，0表示使用默认值',
  `max_aggr_count` int(10) unsigned NOT NULL DEFAULT '0' COMMENT '聚合子配置最大个数',
  `max_aggr_size` int(10) unsigned NOT NULL DEFAULT '0' COMMENT '单个聚合数据的子配置大小上限，单位为字节，0表示使用默认值',
  `max_history_count` int(10) unsigned NOT NULL DEFAULT '0' COMMENT '最大变更历史数量',
  `gmt_create` datetime NOT NULL DEFAULT '2010-05-05 00:00:00' COMMENT '创建时间',
  `gmt_modified` datetime NOT NULL DEFAULT '2010-05-05 00:00:00' COMMENT '修改时间',
  PRIMARY KEY (`id`) USING BTREE,
  UNIQUE KEY `uk_tenant_id` (`tenant_id`) USING BTREE
) ENGINE=InnoDB DEFAULT CHARSET=utf8mb4 COMMENT='租户容量信息表';

-- ----------------------------
-- Table structure for tenant_info
-- ----------------------------
DROP TABLE IF EXISTS `tenant_info`;
CREATE TABLE `tenant_info` (
  `id` bigint(20) NOT NULL AUTO_INCREMENT COMMENT 'id',
  `kp` varchar(128) DEFAULT NULL,
  `tenant_id` varchar(128) DEFAULT NULL,
  `tenant_name` varchar(128) DEFAULT NULL,
  `tenant_desc` varchar(256) DEFAULT NULL,
  `create_source` varchar(32) DEFAULT NULL,
  `gmt_create` bigint(20) NOT NULL COMMENT '创建时间',
  `gmt_modified` bigint(20) NOT NULL COMMENT '修改时间',
  PRIMARY KEY (`id`) USING BTREE,
  UNIQUE KEY `uk_tenant_info_kptenantid` (`kp`,`tenant_id`) USING BTREE,
  KEY `idx_tenant_id` (`tenant_id`) USING BTREE
) ENGINE=InnoDB AUTO_INCREMENT=2 DEFAULT CHARSET=utf8mb4 COMMENT='tenant_info';

-- ----------------------------
-- Records of tenant_info
-- ----------------------------
BEGIN;
INSERT INTO `tenant_info` VALUES (1, '1', '3bd14074-1dc5-4afc-ad04-506230b73923', 'SENTINEL_GROUP', 'sentinel 相关', 'nacos', 1570872049054, 1570872049054);
COMMIT;

-- ----------------------------
-- Table structure for users
-- ----------------------------
DROP TABLE IF EXISTS `users`;
CREATE TABLE `users` (
  `username` varchar(50) NOT NULL,
  `password` varchar(500) DEFAULT NULL,
  `enabled` tinyint(1) NOT NULL,
  PRIMARY KEY (`username`) USING BTREE
) ENGINE=InnoDB DEFAULT CHARSET=utf8mb4;

-- ----------------------------
-- Records of users
-- ----------------------------
BEGIN;
INSERT INTO `users` VALUES ('nacos', '$2a$10$1fXDf9q5CKAA.Fe4rjTzzONGDI4cXFvMfPx9Yribr9OQC2.JDe/wK', 1);
COMMIT;

SET FOREIGN_KEY_CHECKS = 1;
